{
    "rmse": 0.8277490291233366,
    "mae": 0.6645557525511222,
    "r2": -0.0017165754403298816
}