{
    "rmse": 0.7862521894585569,
    "mae": 0.6430276558438681,
    "r2": 0.03750429849970838
}